{
    "eia": {
        "processors": [
            "cpu"
        ],
        "version_aliases": {
            "1.3": "1.3.1",
            "1.5": "1.5.1"
        },
        "versions": {
            "1.3.1": {
                "py_versions": [
                    "py3"
                ],
                "registries": {
                    "ap-northeast-1": "763104351884",
                    "ap-northeast-2": "763104351884",
                    "ap-northeast-3": "364406365360",
                    "ap-south-1": "763104351884",
                    "ap-south-2": "772153158452",
                    "ap-southeast-1": "763104351884",
                    "ap-southeast-2": "763104351884",
                    "ap-southeast-3": "907027046896",
                    "ca-central-1": "763104351884",
                    "cn-north-1": "727897471807",
                    "cn-northwest-1": "727897471807",
                    "eu-central-1": "763104351884",
                    "eu-north-1": "763104351884",
                    "eu-central-2": "380420809688",
                    "eu-west-1": "763104351884",
                    "eu-south-2": "503227376785",
                    "us-east-1": "763104351884",
                    "us-east-2": "763104351884",
                    "us-west-2": "763104351884"
                },
                "repository": "pytorch-inference-eia"
            },
            "1.5.1": {
                "py_versions": [
                    "py3"
                ],
                "registries": {
                    "ap-northeast-1": "763104351884",
                    "ap-northeast-2": "763104351884",
                    "ap-south-2": "772153158452",
                    "ap-southeast-3": "907027046896",
                    "eu-central-2": "380420809688",
                    "eu-west-1": "763104351884",
                    "eu-south-2": "503227376785",
                    "us-east-1": "763104351884",
                    "us-east-2": "763104351884",
                    "us-west-2": "763104351884"
                },
                "repository": "pytorch-inference-eia"
            }
        }
    },
    "inference": {
        "processors": [
            "cpu",
            "gpu"
        ],
        "version_aliases": {
            "0.4": "0.4.0",
            "1.0": "1.0.0",
            "1.1": "1.1.0",
            "1.2": "1.2.0",
            "1.3": "1.3.1",
            "1.4": "1.4.0",
            "1.5": "1.5.0",
            "1.6": "1.6.0",
            "1.7": "1.7.1",
            "1.8": "1.8.1",
            "1.9": "1.9.1",
            "1.10": "1.10.2",
            "1.11": "1.11.0",
            "1.12": "1.12.1"
        },
        "versions": {
            "0.4.0": {
                "py_versions": [
                    "py2",
                    "py3"
                ],
                "registries": {
                    "af-south-1": "313743910680",
                    "ap-east-1": "057415533634",
                    "ap-northeast-1": "520713654638",
                    "ap-northeast-2": "520713654638",
                    "ap-south-1": "520713654638",
                    "ap-southeast-1": "520713654638",
                    "ap-southeast-2": "520713654638",
                    "ca-central-1": "520713654638",
                    "cn-north-1": "422961961927",
                    "cn-northwest-1": "423003514399",
                    "eu-central-1": "520713654638",
                    "eu-north-1": "520713654638",
                    "eu-south-1": "048378556238",
                    "eu-west-1": "520713654638",
                    "eu-west-2": "520713654638",
                    "eu-west-3": "520713654638",
                    "me-south-1": "724002660598",
                    "sa-east-1": "520713654638",
                    "us-east-1": "520713654638",
                    "us-east-2": "520713654638",
                    "us-gov-west-1": "246785580436",
                    "us-iso-east-1": "744548109606",
                    "us-west-1": "520713654638",
                    "us-west-2": "520713654638"
                },
                "repository": "sagemaker-pytorch"
            },
            "1.0.0": {
                "py_versions": [
                    "py2",
                    "py3"
                ],
                "registries": {
                    "af-south-1": "313743910680",
                    "ap-east-1": "057415533634",
                    "ap-northeast-1": "520713654638",
                    "ap-northeast-2": "520713654638",
                    "ap-south-1": "520713654638",
                    "ap-southeast-1": "520713654638",
                    "ap-southeast-2": "520713654638",
                    "ca-central-1": "520713654638",
                    "cn-north-1": "422961961927",
                    "cn-northwest-1": "423003514399",
                    "eu-central-1": "520713654638",
                    "eu-north-1": "520713654638",
                    "eu-south-1": "048378556238",
                    "eu-west-1": "520713654638",
                    "eu-west-2": "520713654638",
                    "eu-west-3": "520713654638",
                    "me-south-1": "724002660598",
                    "sa-east-1": "520713654638",
                    "us-east-1": "520713654638",
                    "us-east-2": "520713654638",
                    "us-gov-west-1": "246785580436",
                    "us-iso-east-1": "744548109606",
                    "us-west-1": "520713654638",
                    "us-west-2": "520713654638"
                },
                "repository": "sagemaker-pytorch"
            },
            "1.1.0": {
                "py_versions": [
                    "py2",
                    "py3"
                ],
                "registries": {
                    "af-south-1": "313743910680",
                    "ap-east-1": "057415533634",
                    "ap-northeast-1": "520713654638",
                    "ap-northeast-2": "520713654638",
                    "ap-south-1": "520713654638",
                    "ap-southeast-1": "520713654638",
                    "ap-southeast-2": "520713654638",
                    "ca-central-1": "520713654638",
                    "cn-north-1": "422961961927",
                    "cn-northwest-1": "423003514399",
                    "eu-central-1": "520713654638",
                    "eu-north-1": "520713654638",
                    "eu-south-1": "048378556238",
                    "eu-west-1": "520713654638",
                    "eu-west-2": "520713654638",
                    "eu-west-3": "520713654638",
                    "me-south-1": "724002660598",
                    "sa-east-1": "520713654638",
                    "us-east-1": "520713654638",
                    "us-east-2": "520713654638",
                    "us-gov-west-1": "246785580436",
                    "us-iso-east-1": "744548109606",
                    "us-west-1": "520713654638",
                    "us-west-2": "520713654638"
                },
                "repository": "sagemaker-pytorch"
            },
            "1.2.0": {
                "py_versions": [
                    "py2",
                    "py3"
                ],
                "registries": {
                    "af-south-1": "626614931356",
                    "ap-east-1": "871362719292",
                    "ap-northeast-1": "763104351884",
                    "ap-northeast-2": "763104351884",
                    "ap-northeast-3": "364406365360",
                    "ap-south-1": "763104351884",
                    "ap-south-2": "772153158452",
                    "ap-southeast-1": "763104351884",
                    "ap-southeast-2": "763104351884",
                    "ap-southeast-3": "907027046896",
                    "ca-central-1": "763104351884",
                    "cn-north-1": "727897471807",
                    "cn-northwest-1": "727897471807",
                    "eu-central-1": "763104351884",
                    "eu-central-2": "380420809688",
                    "eu-north-1": "763104351884",
                    "eu-west-1": "763104351884",
                    "eu-west-2": "763104351884",
                    "eu-west-3": "763104351884",
                    "eu-south-1": "692866216735",
                    "eu-south-2": "503227376785",
                    "me-south-1": "217643126080",
                    "me-central-1": "914824155844",
                    "sa-east-1": "763104351884",
                    "us-east-1": "763104351884",
                    "us-east-2": "763104351884",
                    "us-gov-east-1": "446045086412",
                    "us-gov-west-1": "442386744353",
                    "us-iso-east-1": "886529160074",
                    "us-west-1": "763104351884",
                    "us-west-2": "763104351884"
                },
                "repository": "pytorch-inference"
            },
            "1.3.1": {
                "py_versions": [
                    "py2",
                    "py3"
                ],
                "registries": {
                    "af-south-1": "626614931356",
                    "ap-east-1": "871362719292",
                    "ap-northeast-1": "763104351884",
                    "ap-northeast-2": "763104351884",
                    "ap-northeast-3": "364406365360",
                    "ap-south-1": "763104351884",
                    "ap-south-2": "772153158452",
                    "ap-southeast-1": "763104351884",
                    "ap-southeast-2": "763104351884",
                    "ap-southeast-3": "907027046896",
                    "ca-central-1": "763104351884",
                    "cn-north-1": "727897471807",
                    "cn-northwest-1": "727897471807",
                    "eu-central-1": "763104351884",
                    "eu-central-2": "380420809688",
                    "eu-north-1": "763104351884",
                    "eu-west-1": "763104351884",
                    "eu-west-2": "763104351884",
                    "eu-west-3": "763104351884",
                    "eu-south-1": "692866216735",
                    "eu-south-2": "503227376785",
                    "me-south-1": "217643126080",
                    "me-central-1": "914824155844",
                    "sa-east-1": "763104351884",
                    "us-east-1": "763104351884",
                    "us-east-2": "763104351884",
                    "us-gov-east-1": "446045086412",
                    "us-gov-west-1": "442386744353",
                    "us-iso-east-1": "886529160074",
                    "us-west-1": "763104351884",
                    "us-west-2": "763104351884"
                },
                "repository": "pytorch-inference"
            },
            "1.4.0": {
                "py_versions": [
                    "py3"
                ],
                "registries": {
                    "af-south-1": "626614931356",
                    "ap-east-1": "871362719292",
                    "ap-northeast-1": "763104351884",
                    "ap-northeast-2": "763104351884",
                    "ap-northeast-3": "364406365360",
                    "ap-south-1": "763104351884",
                    "ap-south-2": "772153158452",
                    "ap-southeast-1": "763104351884",
                    "ap-southeast-2": "763104351884",
                    "ap-southeast-3": "907027046896",
                    "ca-central-1": "763104351884",
                    "cn-north-1": "727897471807",
                    "cn-northwest-1": "727897471807",
                    "eu-central-1": "763104351884",
                    "eu-central-2": "380420809688",
                    "eu-north-1": "763104351884",
                    "eu-west-1": "763104351884",
                    "eu-west-2": "763104351884",
                    "eu-west-3": "763104351884",
                    "eu-south-1": "692866216735",
                    "eu-south-2": "503227376785",
                    "me-south-1": "217643126080",
                    "me-central-1": "914824155844",
                    "sa-east-1": "763104351884",
                    "us-east-1": "763104351884",
                    "us-east-2": "763104351884",
                    "us-gov-east-1": "446045086412",
                    "us-gov-west-1": "442386744353",
                    "us-iso-east-1": "886529160074",
                    "us-west-1": "763104351884",
                    "us-west-2": "763104351884"
                },
                "repository": "pytorch-inference"
            },
            "1.5.0": {
                "py_versions": [
                    "py3"
                ],
                "registries": {
                    "af-south-1": "626614931356",
                    "ap-east-1": "871362719292",
                    "ap-northeast-1": "763104351884",
                    "ap-northeast-2": "763104351884",
                    "ap-northeast-3": "364406365360",
                    "ap-south-1": "763104351884",
                    "ap-south-2": "772153158452",
                    "ap-southeast-1": "763104351884",
                    "ap-southeast-2": "763104351884",
                    "ap-southeast-3": "907027046896",
                    "ca-central-1": "763104351884",
                    "cn-north-1": "727897471807",
                    "cn-northwest-1": "727897471807",
                    "eu-central-1": "763104351884",
                    "eu-central-2": "380420809688",
                    "eu-north-1": "763104351884",
                    "eu-west-1": "763104351884",
                    "eu-west-2": "763104351884",
                    "eu-west-3": "763104351884",
                    "eu-south-1": "692866216735",
                    "eu-south-2": "503227376785",
                    "me-south-1": "217643126080",
                    "me-central-1": "914824155844",
                    "sa-east-1": "763104351884",
                    "us-east-1": "763104351884",
                    "us-east-2": "763104351884",
                    "us-gov-east-1": "446045086412",
                    "us-gov-west-1": "442386744353",
                    "us-iso-east-1": "886529160074",
                    "us-west-1": "763104351884",
                    "us-west-2": "763104351884"
                },
                "repository": "pytorch-inference"
            },
            "1.6.0": {
                "py_versions": [
                    "py3",
                    "py36"
                ],
                "registries": {
                    "af-south-1": "626614931356",
                    "ap-east-1": "871362719292",
                    "ap-northeast-1": "763104351884",
                    "ap-northeast-2": "763104351884",
                    "ap-northeast-3": "364406365360",
                    "ap-south-1": "763104351884",
                    "ap-south-2": "772153158452",
                    "ap-southeast-1": "763104351884",
                    "ap-southeast-2": "763104351884",
                    "ap-southeast-3": "907027046896",
                    "ca-central-1": "763104351884",
                    "cn-north-1": "727897471807",
                    "cn-northwest-1": "727897471807",
                    "eu-central-1": "763104351884",
                    "eu-central-2": "380420809688",
                    "eu-north-1": "763104351884",
                    "eu-west-1": "763104351884",
                    "eu-west-2": "763104351884",
                    "eu-west-3": "763104351884",
                    "eu-south-1": "692866216735",
                    "eu-south-2": "503227376785",
                    "me-south-1": "217643126080",
                    "me-central-1": "914824155844",
                    "sa-east-1": "763104351884",
                    "us-east-1": "763104351884",
                    "us-east-2": "763104351884",
                    "us-gov-east-1": "446045086412",
                    "us-gov-west-1": "442386744353",
                    "us-iso-east-1": "886529160074",
                    "us-west-1": "763104351884",
                    "us-west-2": "763104351884"
                },
                "repository": "pytorch-inference"
            },
            "1.7.1": {
                "py_versions": [
                    "py3",
                    "py36"
                ],
                "registries": {
                    "af-south-1": "626614931356",
                    "ap-east-1": "871362719292",
                    "ap-northeast-1": "763104351884",
                    "ap-northeast-2": "763104351884",
                    "ap-northeast-3": "364406365360",
                    "ap-south-1": "763104351884",
                    "ap-south-2": "772153158452",
                    "ap-southeast-1": "763104351884",
                    "ap-southeast-2": "763104351884",
                    "ap-southeast-3": "907027046896",
                    "ca-central-1": "763104351884",
                    "cn-north-1": "727897471807",
                    "cn-northwest-1": "727897471807",
                    "eu-central-1": "763104351884",
                    "eu-central-2": "380420809688",
                    "eu-north-1": "763104351884",
                    "eu-west-1": "763104351884",
                    "eu-west-2": "763104351884",
                    "eu-west-3": "763104351884",
                    "eu-south-1": "692866216735",
                    "eu-south-2": "503227376785",
                    "me-south-1": "217643126080",
                    "me-central-1": "914824155844",
                    "sa-east-1": "763104351884",
                    "us-east-1": "763104351884",
                    "us-east-2": "763104351884",
                    "us-gov-east-1": "446045086412",
                    "us-gov-west-1": "442386744353",
                    "us-iso-east-1": "886529160074",
                    "us-west-1": "763104351884",
                    "us-west-2": "763104351884"
                },
                "repository": "pytorch-inference"
            },
            "1.8.0": {
                "py_versions": [
                    "py3",
                    "py36"
                ],
                "registries": {
                    "af-south-1": "626614931356",
                    "ap-east-1": "871362719292",
                    "ap-northeast-1": "763104351884",
                    "ap-northeast-2": "763104351884",
                    "ap-northeast-3": "364406365360",
                    "ap-south-1": "763104351884",
                    "ap-south-2": "772153158452",
                    "ap-southeast-1": "763104351884",
                    "ap-southeast-2": "763104351884",
                    "ap-southeast-3": "907027046896",
                    "ca-central-1": "763104351884",
                    "cn-north-1": "727897471807",
                    "cn-northwest-1": "727897471807",
                    "eu-central-1": "763104351884",
                    "eu-central-2": "380420809688",
                    "eu-north-1": "763104351884",
                    "eu-west-1": "763104351884",
                    "eu-west-2": "763104351884",
                    "eu-west-3": "763104351884",
                    "eu-south-1": "692866216735",
                    "eu-south-2": "503227376785",
                    "me-south-1": "217643126080",
                    "me-central-1": "914824155844",
                    "sa-east-1": "763104351884",
                    "us-east-1": "763104351884",
                    "us-east-2": "763104351884",
                    "us-gov-east-1": "446045086412",
                    "us-gov-west-1": "442386744353",
                    "us-iso-east-1": "886529160074",
                    "us-west-1": "763104351884",
                    "us-west-2": "763104351884"
                },
                "repository": "pytorch-inference"
            },
            "1.8.1": {
                "py_versions": [
                    "py3",
                    "py36"
                ],
                "registries": {
                    "af-south-1": "626614931356",
                    "ap-east-1": "871362719292",
                    "ap-northeast-1": "763104351884",
                    "ap-northeast-2": "763104351884",
                    "ap-northeast-3": "364406365360",
                    "ap-south-1": "763104351884",
                    "ap-south-2": "772153158452",
                    "ap-southeast-1": "763104351884",
                    "ap-southeast-2": "763104351884",
                    "ap-southeast-3": "907027046896",
                    "ca-central-1": "763104351884",
                    "cn-north-1": "727897471807",
                    "cn-northwest-1": "727897471807",
                    "eu-central-1": "763104351884",
                    "eu-central-2": "380420809688",
                    "eu-north-1": "763104351884",
                    "eu-west-1": "763104351884",
                    "eu-west-2": "763104351884",
                    "eu-west-3": "763104351884",
                    "eu-south-1": "692866216735",
                    "eu-south-2": "503227376785",
                    "me-south-1": "217643126080",
                    "me-central-1": "914824155844",
                    "sa-east-1": "763104351884",
                    "us-east-1": "763104351884",
                    "us-east-2": "763104351884",
                    "us-gov-east-1": "446045086412",
                    "us-gov-west-1": "442386744353",
                    "us-iso-east-1": "886529160074",
                    "us-west-1": "763104351884",
                    "us-west-2": "763104351884"
                },
                "repository": "pytorch-inference"
            },
            "1.9.0": {
                "py_versions": [
                    "py38"
                ],
                "registries": {
                    "af-south-1": "626614931356",
                    "ap-east-1": "871362719292",
                    "ap-northeast-1": "763104351884",
                    "ap-northeast-2": "763104351884",
                    "ap-northeast-3": "364406365360",
                    "ap-south-1": "763104351884",
                    "ap-south-2": "772153158452",
                    "ap-southeast-1": "763104351884",
                    "ap-southeast-2": "763104351884",
                    "ap-southeast-3": "907027046896",
                    "ca-central-1": "763104351884",
                    "cn-north-1": "727897471807",
                    "cn-northwest-1": "727897471807",
                    "eu-central-1": "763104351884",
                    "eu-central-2": "380420809688",
                    "eu-north-1": "763104351884",
                    "eu-west-1": "763104351884",
                    "eu-west-2": "763104351884",
                    "eu-west-3": "763104351884",
                    "eu-south-1": "692866216735",
                    "eu-south-2": "503227376785",
                    "me-south-1": "217643126080",
                    "me-central-1": "914824155844",
                    "sa-east-1": "763104351884",
                    "us-east-1": "763104351884",
                    "us-east-2": "763104351884",
                    "us-gov-east-1": "446045086412",
                    "us-gov-west-1": "442386744353",
                    "us-iso-east-1": "886529160074",
                    "us-west-1": "763104351884",
                    "us-west-2": "763104351884"
                },
                "repository": "pytorch-inference"
            },
            "1.9.1": {
                "py_versions": [
                    "py38"
                ],
                "registries": {
                    "af-south-1": "626614931356",
                    "ap-east-1": "871362719292",
                    "ap-northeast-1": "763104351884",
                    "ap-northeast-2": "763104351884",
                    "ap-northeast-3": "364406365360",
                    "ap-south-1": "763104351884",
                    "ap-south-2": "772153158452",
                    "ap-southeast-1": "763104351884",
                    "ap-southeast-2": "763104351884",
                    "ap-southeast-3": "907027046896",
                    "ca-central-1": "763104351884",
                    "cn-north-1": "727897471807",
                    "cn-northwest-1": "727897471807",
                    "eu-central-1": "763104351884",
                    "eu-central-2": "380420809688",
                    "eu-north-1": "763104351884",
                    "eu-west-1": "763104351884",
                    "eu-west-2": "763104351884",
                    "eu-west-3": "763104351884",
                    "eu-south-1": "692866216735",
                    "eu-south-2": "503227376785",
                    "me-south-1": "217643126080",
                    "me-central-1": "914824155844",
                    "sa-east-1": "763104351884",
                    "us-east-1": "763104351884",
                    "us-east-2": "763104351884",
                    "us-gov-east-1": "446045086412",
                    "us-gov-west-1": "442386744353",
                    "us-iso-east-1": "886529160074",
                    "us-west-1": "763104351884",
                    "us-west-2": "763104351884"
                },
                "repository": "pytorch-inference"
            },
            "1.10.0": {
                "py_versions": [
                    "py38"
                ],
                "registries": {
                    "af-south-1": "626614931356",
                    "ap-east-1": "871362719292",
                    "ap-northeast-1": "763104351884",
                    "ap-northeast-2": "763104351884",
                    "ap-northeast-3": "364406365360",
                    "ap-south-1": "763104351884",
                    "ap-south-2": "772153158452",
                    "ap-southeast-1": "763104351884",
                    "ap-southeast-2": "763104351884",
                    "ap-southeast-3": "907027046896",
                    "ca-central-1": "763104351884",
                    "cn-north-1": "727897471807",
                    "cn-northwest-1": "727897471807",
                    "eu-central-1": "763104351884",
                    "eu-central-2": "380420809688",
                    "eu-north-1": "763104351884",
                    "eu-west-1": "763104351884",
                    "eu-west-2": "763104351884",
                    "eu-west-3": "763104351884",
                    "eu-south-1": "692866216735",
                    "eu-south-2": "503227376785",
                    "me-south-1": "217643126080",
                    "me-central-1": "914824155844",
                    "sa-east-1": "763104351884",
                    "us-east-1": "763104351884",
                    "us-east-2": "763104351884",
                    "us-gov-east-1": "446045086412",
                    "us-gov-west-1": "442386744353",
                    "us-iso-east-1": "886529160074",
                    "us-west-1": "763104351884",
                    "us-west-2": "763104351884"
                },
                "repository": "pytorch-inference"
            },
            "1.10.2": {
                "py_versions": [
                    "py38"
                ],
                "registries": {
                    "af-south-1": "626614931356",
                    "ap-east-1": "871362719292",
                    "ap-northeast-1": "763104351884",
                    "ap-northeast-2": "763104351884",
                    "ap-northeast-3": "364406365360",
                    "ap-south-1": "763104351884",
                    "ap-south-2": "772153158452",
                    "ap-southeast-1": "763104351884",
                    "ap-southeast-2": "763104351884",
                    "ap-southeast-3": "907027046896",
                    "ca-central-1": "763104351884",
                    "cn-north-1": "727897471807",
                    "cn-northwest-1": "727897471807",
                    "eu-central-1": "763104351884",
                    "eu-central-2": "380420809688",
                    "eu-north-1": "763104351884",
                    "eu-west-1": "763104351884",
                    "eu-west-2": "763104351884",
                    "eu-west-3": "763104351884",
                    "eu-south-1": "692866216735",
                    "eu-south-2": "503227376785",
                    "me-south-1": "217643126080",
                    "me-central-1": "914824155844",
                    "sa-east-1": "763104351884",
                    "us-east-1": "763104351884",
                    "us-east-2": "763104351884",
                    "us-gov-east-1": "446045086412",
                    "us-gov-west-1": "442386744353",
                    "us-iso-east-1": "886529160074",
                    "us-west-1": "763104351884",
                    "us-west-2": "763104351884"
                },
                "repository": "pytorch-inference"
            },
            "1.11.0": {
                "py_versions": [
                    "py38"
                ],
                "registries": {
                    "af-south-1": "626614931356",
                    "ap-east-1": "871362719292",
                    "ap-northeast-1": "763104351884",
                    "ap-northeast-2": "763104351884",
                    "ap-northeast-3": "364406365360",
                    "ap-south-1": "763104351884",
                    "ap-south-2": "772153158452",
                    "ap-southeast-1": "763104351884",
                    "ap-southeast-2": "763104351884",
                    "ap-southeast-3": "907027046896",
                    "ca-central-1": "763104351884",
                    "cn-north-1": "727897471807",
                    "cn-northwest-1": "727897471807",
                    "eu-central-1": "763104351884",
                    "eu-central-2": "380420809688",
                    "eu-north-1": "763104351884",
                    "eu-west-1": "763104351884",
                    "eu-west-2": "763104351884",
                    "eu-west-3": "763104351884",
                    "eu-south-1": "692866216735",
                    "eu-south-2": "503227376785",
                    "me-south-1": "217643126080",
                    "me-central-1": "914824155844",
                    "sa-east-1": "763104351884",
                    "us-east-1": "763104351884",
                    "us-east-2": "763104351884",
                    "us-gov-east-1": "446045086412",
                    "us-gov-west-1": "442386744353",
                    "us-iso-east-1": "886529160074",
                    "us-west-1": "763104351884",
                    "us-west-2": "763104351884"
                },
                "repository": "pytorch-inference"
            },
            "1.12.0": {
                "py_versions": [
                    "py38"
                ],
                "registries": {
                    "af-south-1": "626614931356",
                    "ap-east-1": "871362719292",
                    "ap-northeast-1": "763104351884",
                    "ap-northeast-2": "763104351884",
                    "ap-northeast-3": "364406365360",
                    "ap-south-1": "763104351884",
                    "ap-south-2": "772153158452",
                    "ap-southeast-1": "763104351884",
                    "ap-southeast-2": "763104351884",
                    "ap-southeast-3": "907027046896",
                    "ca-central-1": "763104351884",
                    "cn-north-1": "727897471807",
                    "cn-northwest-1": "727897471807",
                    "eu-central-1": "763104351884",
                    "eu-central-2": "380420809688",
                    "eu-north-1": "763104351884",
                    "eu-west-1": "763104351884",
                    "eu-west-2": "763104351884",
                    "eu-west-3": "763104351884",
                    "eu-south-1": "692866216735",
                    "eu-south-2": "503227376785",
                    "me-south-1": "217643126080",
                    "me-central-1": "914824155844",
                    "sa-east-1": "763104351884",
                    "us-east-1": "763104351884",
                    "us-east-2": "763104351884",
                    "us-gov-east-1": "446045086412",
                    "us-gov-west-1": "442386744353",
                    "us-iso-east-1": "886529160074",
                    "us-west-1": "763104351884",
                    "us-west-2": "763104351884"
                },
                "repository": "pytorch-inference"
            },
            "1.12.1": {
                "py_versions": [
                    "py38"
                ],
                "registries": {
                    "af-south-1": "626614931356",
                    "ap-east-1": "871362719292",
                    "ap-northeast-1": "763104351884",
                    "ap-northeast-2": "763104351884",
                    "ap-northeast-3": "364406365360",
                    "ap-south-1": "763104351884",
                    "ap-south-2": "772153158452",
                    "ap-southeast-1": "763104351884",
                    "ap-southeast-2": "763104351884",
                    "ap-southeast-3": "907027046896",
                    "ca-central-1": "763104351884",
                    "cn-north-1": "727897471807",
                    "cn-northwest-1": "727897471807",
                    "eu-central-1": "763104351884",
                    "eu-central-2": "380420809688",
                    "eu-north-1": "763104351884",
                    "eu-west-1": "763104351884",
                    "eu-west-2": "763104351884",
                    "eu-west-3": "763104351884",
                    "eu-south-1": "692866216735",
                    "eu-south-2": "503227376785",
                    "me-south-1": "217643126080",
                    "sa-east-1": "763104351884",
                    "us-east-1": "763104351884",
                    "us-east-2": "763104351884",
                    "us-gov-east-1": "446045086412",
                    "us-gov-west-1": "442386744353",
                    "us-iso-east-1": "886529160074",
                    "us-west-1": "763104351884",
                    "us-west-2": "763104351884"
                },
                "repository": "pytorch-inference"
            }
        }
    },
    "inference_graviton": {
        "processors": [
            "cpu"
        ],
        "version_aliases": {
            "1.12": "1.12.1"
        },
        "versions": {
            "1.12.1": {
                "py_versions": [
                    "py38"
                ],
                "registries": {
                    "af-south-1": "626614931356",
                    "ap-east-1": "871362719292",
                    "ap-northeast-1": "763104351884",
                    "ap-northeast-2": "763104351884",
                    "ap-northeast-3": "364406365360",
                    "ap-south-1": "763104351884",
                    "ap-south-2": "772153158452",
                    "ap-southeast-1": "763104351884",
                    "ap-southeast-2": "763104351884",
                    "ap-southeast-3": "907027046896",
                    "ca-central-1": "763104351884",
                    "cn-north-1": "727897471807",
                    "cn-northwest-1": "727897471807",
                    "eu-central-1": "763104351884",
                    "eu-central-2": "380420809688",
                    "eu-north-1": "763104351884",
                    "eu-west-1": "763104351884",
                    "eu-west-2": "763104351884",
                    "eu-west-3": "763104351884",
                    "eu-south-1": "692866216735",
                    "eu-south-2": "503227376785",
                    "me-south-1": "217643126080",
                    "sa-east-1": "763104351884",
                    "us-east-1": "763104351884",
                    "us-east-2": "763104351884",
                    "us-gov-east-1": "446045086412",
                    "us-gov-west-1": "442386744353",
                    "us-iso-east-1": "886529160074",
                    "us-west-1": "763104351884",
                    "us-west-2": "763104351884"
                },
                "repository": "pytorch-inference-graviton",
                "container_version": {"cpu": "ubuntu20.04"}
            }
        }
    },
    "training": {
        "processors": [
            "cpu",
            "gpu"
        ],
        "version_aliases": {
            "0.4": "0.4.0",
            "1.0": "1.0.0",
            "1.1": "1.1.0",
            "1.2": "1.2.0",
            "1.3": "1.3.1",
            "1.4": "1.4.0",
            "1.5": "1.5.0",
            "1.6": "1.6.0",
            "1.7": "1.7.1",
            "1.8": "1.8.1",
            "1.9": "1.9.1",
            "1.10": "1.10.2",
            "1.11": "1.11.0",
            "1.12": "1.12.1"
        },
        "versions": {
            "0.4.0": {
                "py_versions": [
                    "py2",
                    "py3"
                ],
                "registries": {
                    "af-south-1": "313743910680",
                    "ap-east-1": "057415533634",
                    "ap-northeast-1": "520713654638",
                    "ap-northeast-2": "520713654638",
                    "ap-south-1": "520713654638",
                    "ap-southeast-1": "520713654638",
                    "ap-southeast-2": "520713654638",
                    "ca-central-1": "520713654638",
                    "cn-north-1": "422961961927",
                    "cn-northwest-1": "423003514399",
                    "eu-central-1": "520713654638",
                    "eu-north-1": "520713654638",
                    "eu-south-1": "048378556238",
                    "eu-west-1": "520713654638",
                    "eu-west-2": "520713654638",
                    "eu-west-3": "520713654638",
                    "me-south-1": "724002660598",
                    "sa-east-1": "520713654638",
                    "us-east-1": "520713654638",
                    "us-east-2": "520713654638",
                    "us-gov-west-1": "246785580436",
                    "us-iso-east-1": "744548109606",
                    "us-west-1": "520713654638",
                    "us-west-2": "520713654638"
                },
                "repository": "sagemaker-pytorch"
            },
            "1.0.0": {
                "py_versions": [
                    "py2",
                    "py3"
                ],
                "registries": {
                    "af-south-1": "313743910680",
                    "ap-east-1": "057415533634",
                    "ap-northeast-1": "520713654638",
                    "ap-northeast-2": "520713654638",
                    "ap-south-1": "520713654638",
                    "ap-southeast-1": "520713654638",
                    "ap-southeast-2": "520713654638",
                    "ca-central-1": "520713654638",
                    "cn-north-1": "422961961927",
                    "cn-northwest-1": "423003514399",
                    "eu-central-1": "520713654638",
                    "eu-north-1": "520713654638",
                    "eu-south-1": "048378556238",
                    "eu-west-1": "520713654638",
                    "eu-west-2": "520713654638",
                    "eu-west-3": "520713654638",
                    "me-south-1": "724002660598",
                    "sa-east-1": "520713654638",
                    "us-east-1": "520713654638",
                    "us-east-2": "520713654638",
                    "us-gov-west-1": "246785580436",
                    "us-iso-east-1": "744548109606",
                    "us-west-1": "520713654638",
                    "us-west-2": "520713654638"
                },
                "repository": "sagemaker-pytorch"
            },
            "1.1.0": {
                "py_versions": [
                    "py2",
                    "py3"
                ],
                "registries": {
                    "af-south-1": "313743910680",
                    "ap-east-1": "057415533634",
                    "ap-northeast-1": "520713654638",
                    "ap-northeast-2": "520713654638",
                    "ap-south-1": "520713654638",
                    "ap-southeast-1": "520713654638",
                    "ap-southeast-2": "520713654638",
                    "ca-central-1": "520713654638",
                    "cn-north-1": "422961961927",
                    "cn-northwest-1": "423003514399",
                    "eu-central-1": "520713654638",
                    "eu-north-1": "520713654638",
                    "eu-south-1": "048378556238",
                    "eu-west-1": "520713654638",
                    "eu-west-2": "520713654638",
                    "eu-west-3": "520713654638",
                    "me-south-1": "724002660598",
                    "sa-east-1": "520713654638",
                    "us-east-1": "520713654638",
                    "us-east-2": "520713654638",
                    "us-gov-west-1": "246785580436",
                    "us-iso-east-1": "744548109606",
                    "us-west-1": "520713654638",
                    "us-west-2": "520713654638"
                },
                "repository": "sagemaker-pytorch"
            },
            "1.2.0": {
                "py_versions": [
                    "py2",
                    "py3"
                ],
                "registries": {
                    "af-south-1": "626614931356",
                    "ap-east-1": "871362719292",
                    "ap-northeast-1": "763104351884",
                    "ap-northeast-2": "763104351884",
                    "ap-northeast-3": "364406365360",
                    "ap-south-1": "763104351884",
                    "ap-southeast-1": "763104351884",
                    "ap-southeast-2": "763104351884",
                    "ap-southeast-3": "907027046896",
                    "ca-central-1": "763104351884",
                    "cn-north-1": "727897471807",
                    "cn-northwest-1": "727897471807",
                    "eu-central-1": "763104351884",
                    "eu-north-1": "763104351884",
                    "eu-west-1": "763104351884",
                    "eu-west-2": "763104351884",
                    "eu-west-3": "763104351884",
                    "eu-south-1": "692866216735",
                    "me-south-1": "217643126080",
                    "me-central-1": "914824155844",
                    "sa-east-1": "763104351884",
                    "us-east-1": "763104351884",
                    "us-east-2": "763104351884",
                    "us-gov-east-1": "446045086412",
                    "us-gov-west-1": "442386744353",
                    "us-iso-east-1": "886529160074",
                    "us-west-1": "763104351884",
                    "us-west-2": "763104351884"
                },
                "repository": "pytorch-training"
            },
            "1.3.1": {
                "py_versions": [
                    "py2",
                    "py3"
                ],
                "registries": {
                    "af-south-1": "626614931356",
                    "ap-east-1": "871362719292",
                    "ap-northeast-1": "763104351884",
                    "ap-northeast-2": "763104351884",
                    "ap-northeast-3": "364406365360",
                    "ap-south-1": "763104351884",
                    "ap-southeast-1": "763104351884",
                    "ap-southeast-2": "763104351884",
                    "ap-southeast-3": "907027046896",
                    "ca-central-1": "763104351884",
                    "cn-north-1": "727897471807",
                    "cn-northwest-1": "727897471807",
                    "eu-central-1": "763104351884",
                    "eu-north-1": "763104351884",
                    "eu-west-1": "763104351884",
                    "eu-west-2": "763104351884",
                    "eu-west-3": "763104351884",
                    "eu-south-1": "692866216735",
                    "me-south-1": "217643126080",
                    "me-central-1": "914824155844",
                    "sa-east-1": "763104351884",
                    "us-east-1": "763104351884",
                    "us-east-2": "763104351884",
                    "us-gov-east-1": "446045086412",
                    "us-gov-west-1": "442386744353",
                    "us-iso-east-1": "886529160074",
                    "us-west-1": "763104351884",
                    "us-west-2": "763104351884"
                },
                "repository": "pytorch-training"
            },
            "1.4.0": {
                "py_versions": [
                    "py2",
                    "py3"
                ],
                "registries": {
                    "af-south-1": "626614931356",
                    "ap-east-1": "871362719292",
                    "ap-northeast-1": "763104351884",
                    "ap-northeast-2": "763104351884",
                    "ap-northeast-3": "364406365360",
                    "ap-south-1": "763104351884",
                    "ap-southeast-1": "763104351884",
                    "ap-southeast-2": "763104351884",
                    "ap-southeast-3": "907027046896",
                    "ca-central-1": "763104351884",
                    "cn-north-1": "727897471807",
                    "cn-northwest-1": "727897471807",
                    "eu-central-1": "763104351884",
                    "eu-north-1": "763104351884",
                    "eu-west-1": "763104351884",
                    "eu-west-2": "763104351884",
                    "eu-west-3": "763104351884",
                    "eu-south-1": "692866216735",
                    "me-south-1": "217643126080",
                    "me-central-1": "914824155844",
                    "sa-east-1": "763104351884",
                    "us-east-1": "763104351884",
                    "us-east-2": "763104351884",
                    "us-gov-east-1": "446045086412",
                    "us-gov-west-1": "442386744353",
                    "us-iso-east-1": "886529160074",
                    "us-west-1": "763104351884",
                    "us-west-2": "763104351884"
                },
                "repository": "pytorch-training"
            },
            "1.5.0": {
                "py_versions": [
                    "py3"
                ],
                "registries": {
                    "af-south-1": "626614931356",
                    "ap-east-1": "871362719292",
                    "ap-northeast-1": "763104351884",
                    "ap-northeast-2": "763104351884",
                    "ap-northeast-3": "364406365360",
                    "ap-south-1": "763104351884",
                    "ap-southeast-1": "763104351884",
                    "ap-southeast-2": "763104351884",
                    "ap-southeast-3": "907027046896",
                    "ca-central-1": "763104351884",
                    "cn-north-1": "727897471807",
                    "cn-northwest-1": "727897471807",
                    "eu-central-1": "763104351884",
                    "eu-north-1": "763104351884",
                    "eu-west-1": "763104351884",
                    "eu-west-2": "763104351884",
                    "eu-west-3": "763104351884",
                    "eu-south-1": "692866216735",
                    "me-south-1": "217643126080",
                    "me-central-1": "914824155844",
                    "sa-east-1": "763104351884",
                    "us-east-1": "763104351884",
                    "us-east-2": "763104351884",
                    "us-gov-east-1": "446045086412",
                    "us-gov-west-1": "442386744353",
                    "us-iso-east-1": "886529160074",
                    "us-west-1": "763104351884",
                    "us-west-2": "763104351884"
                },
                "repository": "pytorch-training"
            },
            "1.6.0": {
                "py_versions": [
                    "py3",
                    "py36"
                ],
                "registries": {
                    "af-south-1": "626614931356",
                    "ap-east-1": "871362719292",
                    "ap-northeast-1": "763104351884",
                    "ap-northeast-2": "763104351884",
                    "ap-northeast-3": "364406365360",
                    "ap-south-1": "763104351884",
                    "ap-southeast-1": "763104351884",
                    "ap-southeast-2": "763104351884",
                    "ap-southeast-3": "907027046896",
                    "ca-central-1": "763104351884",
                    "cn-north-1": "727897471807",
                    "cn-northwest-1": "727897471807",
                    "eu-central-1": "763104351884",
                    "eu-north-1": "763104351884",
                    "eu-west-1": "763104351884",
                    "eu-west-2": "763104351884",
                    "eu-west-3": "763104351884",
                    "eu-south-1": "692866216735",
                    "me-south-1": "217643126080",
                    "me-central-1": "914824155844",
                    "sa-east-1": "763104351884",
                    "us-east-1": "763104351884",
                    "us-east-2": "763104351884",
                    "us-gov-east-1": "446045086412",
                    "us-gov-west-1": "442386744353",
                    "us-iso-east-1": "886529160074",
                    "us-west-1": "763104351884",
                    "us-west-2": "763104351884"
                },
                "repository": "pytorch-training"
            },
            "1.7.1": {
                "py_versions": [
                    "py3",
                    "py36"
                ],
                "registries": {
                    "af-south-1": "626614931356",
                    "ap-east-1": "871362719292",
                    "ap-northeast-1": "763104351884",
                    "ap-northeast-2": "763104351884",
                    "ap-northeast-3": "364406365360",
                    "ap-south-1": "763104351884",
                    "ap-southeast-1": "763104351884",
                    "ap-southeast-2": "763104351884",
                    "ap-southeast-3": "907027046896",
                    "ca-central-1": "763104351884",
                    "cn-north-1": "727897471807",
                    "cn-northwest-1": "727897471807",
                    "eu-central-1": "763104351884",
                    "eu-north-1": "763104351884",
                    "eu-west-1": "763104351884",
                    "eu-west-2": "763104351884",
                    "eu-west-3": "763104351884",
                    "eu-south-1": "692866216735",
                    "me-south-1": "217643126080",
                    "me-central-1": "914824155844",
                    "sa-east-1": "763104351884",
                    "us-east-1": "763104351884",
                    "us-east-2": "763104351884",
                    "us-gov-east-1": "446045086412",
                    "us-gov-west-1": "442386744353",
                    "us-iso-east-1": "886529160074",
                    "us-west-1": "763104351884",
                    "us-west-2": "763104351884"
                },
                "repository": "pytorch-training"
            },
            "1.8.0": {
                "py_versions": [
                    "py3",
                    "py36"
                ],
                "registries": {
                    "af-south-1": "626614931356",
                    "ap-east-1": "871362719292",
                    "ap-northeast-1": "763104351884",
                    "ap-northeast-2": "763104351884",
                    "ap-northeast-3": "364406365360",
                    "ap-south-1": "763104351884",
                    "ap-southeast-1": "763104351884",
                    "ap-southeast-2": "763104351884",
                    "ap-southeast-3": "907027046896",
                    "ca-central-1": "763104351884",
                    "cn-north-1": "727897471807",
                    "cn-northwest-1": "727897471807",
                    "eu-central-1": "763104351884",
                    "eu-north-1": "763104351884",
                    "eu-west-1": "763104351884",
                    "eu-west-2": "763104351884",
                    "eu-west-3": "763104351884",
                    "eu-south-1": "692866216735",
                    "me-south-1": "217643126080",
                    "me-central-1": "914824155844",
                    "sa-east-1": "763104351884",
                    "us-east-1": "763104351884",
                    "us-east-2": "763104351884",
                    "us-gov-east-1": "446045086412",
                    "us-gov-west-1": "442386744353",
                    "us-iso-east-1": "886529160074",
                    "us-west-1": "763104351884",
                    "us-west-2": "763104351884"
                },
                "repository": "pytorch-training"
            },
            "1.8.1": {
                "py_versions": [
                    "py3",
                    "py36"
                ],
                "registries": {
                    "af-south-1": "626614931356",
                    "ap-east-1": "871362719292",
                    "ap-northeast-1": "763104351884",
                    "ap-northeast-2": "763104351884",
                    "ap-northeast-3": "364406365360",
                    "ap-south-1": "763104351884",
                    "ap-southeast-1": "763104351884",
                    "ap-southeast-2": "763104351884",
                    "ap-southeast-3": "907027046896",
                    "ca-central-1": "763104351884",
                    "cn-north-1": "727897471807",
                    "cn-northwest-1": "727897471807",
                    "eu-central-1": "763104351884",
                    "eu-north-1": "763104351884",
                    "eu-west-1": "763104351884",
                    "eu-west-2": "763104351884",
                    "eu-west-3": "763104351884",
                    "eu-south-1": "692866216735",
                    "me-south-1": "217643126080",
                    "me-central-1": "914824155844",
                    "sa-east-1": "763104351884",
                    "us-east-1": "763104351884",
                    "us-east-2": "763104351884",
                    "us-gov-east-1": "446045086412",
                    "us-gov-west-1": "442386744353",
                    "us-iso-east-1": "886529160074",
                    "us-west-1": "763104351884",
                    "us-west-2": "763104351884"
                },
                "repository": "pytorch-training"
            },
            "1.9.0": {
                "py_versions": [
                    "py38"
                ],
                "registries": {
                    "af-south-1": "626614931356",
                    "ap-east-1": "871362719292",
                    "ap-northeast-1": "763104351884",
                    "ap-northeast-2": "763104351884",
                    "ap-northeast-3": "364406365360",
                    "ap-south-1": "763104351884",
                    "ap-southeast-1": "763104351884",
                    "ap-southeast-2": "763104351884",
                    "ap-southeast-3": "907027046896",
                    "ca-central-1": "763104351884",
                    "cn-north-1": "727897471807",
                    "cn-northwest-1": "727897471807",
                    "eu-central-1": "763104351884",
                    "eu-north-1": "763104351884",
                    "eu-west-1": "763104351884",
                    "eu-west-2": "763104351884",
                    "eu-west-3": "763104351884",
                    "eu-south-1": "692866216735",
                    "me-south-1": "217643126080",
                    "me-central-1": "914824155844",
                    "sa-east-1": "763104351884",
                    "us-east-1": "763104351884",
                    "us-east-2": "763104351884",
                    "us-gov-east-1": "446045086412",
                    "us-gov-west-1": "442386744353",
                    "us-iso-east-1": "886529160074",
                    "us-west-1": "763104351884",
                    "us-west-2": "763104351884"
                },
                "repository": "pytorch-training"
            },
            "1.9.1": {
                "py_versions": [
                    "py38"
                ],
                "registries": {
                    "af-south-1": "626614931356",
                    "ap-east-1": "871362719292",
                    "ap-northeast-1": "763104351884",
                    "ap-northeast-2": "763104351884",
                    "ap-northeast-3": "364406365360",
                    "ap-south-1": "763104351884",
                    "ap-southeast-1": "763104351884",
                    "ap-southeast-2": "763104351884",
                    "ap-southeast-3": "907027046896",
                    "ca-central-1": "763104351884",
                    "cn-north-1": "727897471807",
                    "cn-northwest-1": "727897471807",
                    "eu-central-1": "763104351884",
                    "eu-north-1": "763104351884",
                    "eu-west-1": "763104351884",
                    "eu-west-2": "763104351884",
                    "eu-west-3": "763104351884",
                    "eu-south-1": "692866216735",
                    "me-south-1": "217643126080",
                    "me-central-1": "914824155844",
                    "sa-east-1": "763104351884",
                    "us-east-1": "763104351884",
                    "us-east-2": "763104351884",
                    "us-gov-east-1": "446045086412",
                    "us-gov-west-1": "442386744353",
                    "us-iso-east-1": "886529160074",
                    "us-west-1": "763104351884",
                    "us-west-2": "763104351884"
                },
                "repository": "pytorch-training"
            },
            "1.10.0": {
                "py_versions": [
                    "py38"
                ],
                "registries": {
                    "af-south-1": "626614931356",
                    "ap-east-1": "871362719292",
                    "ap-northeast-1": "763104351884",
                    "ap-northeast-2": "763104351884",
                    "ap-northeast-3": "364406365360",
                    "ap-south-1": "763104351884",
                    "ap-southeast-1": "763104351884",
                    "ap-southeast-2": "763104351884",
                    "ap-southeast-3": "907027046896",
                    "ca-central-1": "763104351884",
                    "cn-north-1": "727897471807",
                    "cn-northwest-1": "727897471807",
                    "eu-central-1": "763104351884",
                    "eu-north-1": "763104351884",
                    "eu-west-1": "763104351884",
                    "eu-west-2": "763104351884",
                    "eu-west-3": "763104351884",
                    "eu-south-1": "692866216735",
                    "me-south-1": "217643126080",
                    "me-central-1": "914824155844",
                    "sa-east-1": "763104351884",
                    "us-east-1": "763104351884",
                    "us-east-2": "763104351884",
                    "us-gov-east-1": "446045086412",
                    "us-gov-west-1": "442386744353",
                    "us-iso-east-1": "886529160074",
                    "us-west-1": "763104351884",
                    "us-west-2": "763104351884"
                },
                "repository": "pytorch-training"
            },
            "1.10.2": {
                "py_versions": [
                    "py38"
                ],
                "registries": {
                    "af-south-1": "626614931356",
                    "ap-east-1": "871362719292",
                    "ap-northeast-1": "763104351884",
                    "ap-northeast-2": "763104351884",
                    "ap-northeast-3": "364406365360",
                    "ap-south-1": "763104351884",
                    "ap-southeast-1": "763104351884",
                    "ap-southeast-2": "763104351884",
                    "ap-southeast-3": "907027046896",
                    "ca-central-1": "763104351884",
                    "cn-north-1": "727897471807",
                    "cn-northwest-1": "727897471807",
                    "eu-central-1": "763104351884",
                    "eu-north-1": "763104351884",
                    "eu-west-1": "763104351884",
                    "eu-west-2": "763104351884",
                    "eu-west-3": "763104351884",
                    "eu-south-1": "692866216735",
                    "me-south-1": "217643126080",
                    "me-central-1": "914824155844",
                    "sa-east-1": "763104351884",
                    "us-east-1": "763104351884",
                    "us-east-2": "763104351884",
                    "us-gov-east-1": "446045086412",
                    "us-gov-west-1": "442386744353",
                    "us-iso-east-1": "886529160074",
                    "us-west-1": "763104351884",
                    "us-west-2": "763104351884"
                },
                "repository": "pytorch-training"
            },
            "1.11.0": {
                "py_versions": [
                    "py38"
                ],
                "registries": {
                    "af-south-1": "626614931356",
                    "ap-east-1": "871362719292",
                    "ap-northeast-1": "763104351884",
                    "ap-northeast-2": "763104351884",
                    "ap-northeast-3": "364406365360",
                    "ap-south-1": "763104351884",
                    "ap-southeast-1": "763104351884",
                    "ap-southeast-2": "763104351884",
                    "ap-southeast-3": "907027046896",
                    "ca-central-1": "763104351884",
                    "cn-north-1": "727897471807",
                    "cn-northwest-1": "727897471807",
                    "eu-central-1": "763104351884",
                    "eu-north-1": "763104351884",
                    "eu-west-1": "763104351884",
                    "eu-west-2": "763104351884",
                    "eu-west-3": "763104351884",
                    "eu-south-1": "692866216735",
                    "me-south-1": "217643126080",
                    "me-central-1": "914824155844",
                    "sa-east-1": "763104351884",
                    "us-east-1": "763104351884",
                    "us-east-2": "763104351884",
                    "us-gov-east-1": "446045086412",
                    "us-gov-west-1": "442386744353",
                    "us-iso-east-1": "886529160074",
                    "us-west-1": "763104351884",
                    "us-west-2": "763104351884"
                },
                "repository": "pytorch-training"
            },
            "1.12.0": {
                "py_versions": [
                    "py38"
                ],
                "registries": {
                    "af-south-1": "626614931356",
                    "ap-east-1": "871362719292",
                    "ap-northeast-1": "763104351884",
                    "ap-northeast-2": "763104351884",
                    "ap-northeast-3": "364406365360",
                    "ap-south-1": "763104351884",
                    "ap-southeast-1": "763104351884",
                    "ap-southeast-2": "763104351884",
                    "ap-southeast-3": "907027046896",
                    "ca-central-1": "763104351884",
                    "cn-north-1": "727897471807",
                    "cn-northwest-1": "727897471807",
                    "eu-central-1": "763104351884",
                    "eu-north-1": "763104351884",
                    "eu-west-1": "763104351884",
                    "eu-west-2": "763104351884",
                    "eu-west-3": "763104351884",
                    "eu-south-1": "692866216735",
                    "me-south-1": "217643126080",
                    "me-central-1": "914824155844",
                    "sa-east-1": "763104351884",
                    "us-east-1": "763104351884",
                    "us-east-2": "763104351884",
                    "us-gov-east-1": "446045086412",
                    "us-gov-west-1": "442386744353",
                    "us-iso-east-1": "886529160074",
                    "us-west-1": "763104351884",
                    "us-west-2": "763104351884"
                },
                "repository": "pytorch-training"
            },
            "1.12.1": {
                "py_versions": [
                    "py38"
                ],
                "registries": {
                    "af-south-1": "626614931356",
                    "ap-east-1": "871362719292",
                    "ap-northeast-1": "763104351884",
                    "ap-northeast-2": "763104351884",
                    "ap-northeast-3": "364406365360",
                    "ap-south-1": "763104351884",
                    "ap-southeast-1": "763104351884",
                    "ap-southeast-2": "763104351884",
                    "ap-southeast-3": "907027046896",
                    "ca-central-1": "763104351884",
                    "cn-north-1": "727897471807",
                    "cn-northwest-1": "727897471807",
                    "eu-central-1": "763104351884",
                    "eu-north-1": "763104351884",
                    "eu-west-1": "763104351884",
                    "eu-west-2": "763104351884",
                    "eu-west-3": "763104351884",
                    "eu-south-1": "692866216735",
                    "me-south-1": "217643126080",
                    "sa-east-1": "763104351884",
                    "us-east-1": "763104351884",
                    "us-east-2": "763104351884",
                    "us-gov-east-1": "446045086412",
                    "us-gov-west-1": "442386744353",
                    "us-iso-east-1": "886529160074",
                    "us-west-1": "763104351884",
                    "us-west-2": "763104351884"
                },
                "repository": "pytorch-training"
            }
        }
    }
}
